"","df9f127f34e52758c22bb8768ea9dd1d","X726f137d48a9a16971165106f5accbc3","X192b9d0e30798cb5d4a686f2b25b046b","X8bb6ba264b60216d22b221d5c6c0992e","X4603641854a42087dd05682bc365b2b2","X31e4d9092a2fe5d08a565a11d5c0a510","X065259ec202538d9a00670abd44fc85d","d2db2c90c9f6401ed400e43cd16e7846","X71c8a0b854b50dd6b2845d87007e5ad4","X90c8784ec39588e5031c9e4950c88efa","X519335ba0a9cc277b802a53b482bce49","f3eefe548d5b25a70eff6ded2ac754cb","f99a6053aeb89ad886d5acae4e1e77b5","c50df3a28f2c5b2ed3fcec3c8c0dbce3","fbdfdbc22fcb0362b5fe57dcee55fed6","X23769d724c8f54a20fc5503775e0d215","X43c74972f95d6719e0a57265faf133ff","X27411089f2f049c2a454db6aac7c5d0b","a4d62e1254481f8aa0a1fd7b2f28dddf","fcca31a8dba0488eb8879120277f149b","X6621ec621365d2e452925f53b69d7fa8","ad568b74428dbece1b14338b18a261b9","X733666313c4bfa4aee6abca3478eed6e","X72c7f54f73e0c27bef2f8ea144f989eb","X0b85d04d31bae6800df285cbbea2976c","X98cedaeb6530038a7c03909a8fffac4d","X5dbb8b0090393f98803bec4188360a21"
"L.2016.NAM-0.01.R",0,0,0,0,0,0,0,0,0,0,0,0,0,0,0,0,80.0241272743732,0,0,0,0,0,0,0,0,0,0
"L.2016.NAM-0.02.R",683.181439326656,0,0,341.590719663328,0,0,0,0,0,0,0,0,0,0,0,0,211.231439687483,0,0,0,0,0,0,0,0,0,0
"L.2016.NAM-0.03.R",0,0,0,0,0,0,0,0,0,0,0,0,0,0,0,0,0,0,0,0,0,0,0,0,0,0,0
"L.2016.NAM-0.04.R",0,0,0,93.2358552466729,0,0,0,0,0,41078.9222575487,0,0,826.792201282561,0,0,3805.26069224437,10913.2739264386,0,0,0,0,0,0,0,3450.71261883615,0,0
"L.2016.NAM-0.05.R",0,0,0,0,0,0,0,0,0,1235.17309792993,0,0,0,0,0,213.254002844275,743.94037317909,0,0,0,0,0,0,0,224.82488249387,0,0
"L.2016.NAM-0.06.R",0,0,0,1915.84644490744,0,0,0,0,0,0,0,0,0,0,0,311.85598490617,103.951994968723,0,0,0,0,0,455.687261832205,0,0,0,0
"L.2016.NAM-0.07.R",0,0,0,0,0,0,0,0,0,0,0,0,0,183.495076597726,0,0,0,0,0,0,0,0,0,0,0,0,0
"L.2016.NAM-0.08.R",0,0,0,0,0,0,0,0,0,0,0,0,0,0,0,0,310.227021549145,0,0,0,0,0,0,0,0,0,0
"L.2016.NAM-0.09.R",0,0,0,0,0,0,0,0,0,0,0,0,0,0,0,368.229072064894,31.0191015627423,0,0,0,0,0,0,0,0,0,0
"L.2016.NAM-0.10.R",67.4389551008297,0,0,0,0,0,0,0,0,174.966009207586,0,0,0,0,0,235.368189400782,0,0,0,0,0,0,0,0,0,0,0
"L.2016.NAM-13.01.R",0,0,0,462.188636514636,0,0,0,0,0,0,0,0,0,0,0,0,1386.56590954391,0,0,0,0,0,0,0,0,0,0
"L.2016.NAM-13.02.R",0,0,0,0,0,0,0,0,0,0,0,0,0,0,0,0,0,0,0,0,0,0,0,0,0,0,0
"L.2016.NAM-13.03.R",0,0,0,20025646.217183,0,0,0,0,0,0,0,0,0,0,0,0,5399.20361746642,0,0,0,0,0,0,0,839.310925729976,0,0
"L.2016.NAM-13.04.R",0,0,0,628.478727959055,0,0,0,0,0,0,0,0,0,0,0,0,0,0,0,0,0,209.492909319685,0,0,0,0,0
"L.2016.NAM-13.05.R",0,0,0,0,0,0,136.27053107181,0,0,1196.8762088591,0,0,0,0,0,108.775164454452,1704.1073848398,0,0,0,0,0,68.2135219664594,0,0,0,0
"L.2016.NAM-13.06.R",51.7420413464185,0,0,236.870140090923,0,0,0,0,0,94.7480560363691,0,0,0,0,0,0,288.612181437341,0,0,0,0,0,0,0,0,0,0
"L.2016.NAM-13.07.R",0,0,0,0,0,0,120.387648227292,0,0,0,0,0,0,0,0,0,0,0,0,0,0,0,0,0,0,126.292684559393,0
"L.2016.NAM-13.08.R",0,0,0,0,0,0,0,0,0,0,0,0,0,0,0,0,0,0,0,0,0,0,0,0,0,0,0
"L.2016.NAM-13.09.R",0,0,0,96.9652894565399,0,0,271.813454426227,0,0,0,0,0,0,0,0,0,762.529179956996,0,0,0,0,0,0,0,170.419626376272,0,0
"L.2016.NAM-13.10.R",0,0,0,0,0,0,0,0,0,0,0,0,0,0,0,0,0,0,0,0,0,0,0,0,0,0,0
"L.2016.NAM-14.01.R",0,0,0,0,0,0,0,0,0,0,0,0,0,0,0,0,222.856434492048,0,0,0,0,0,0,0,0,0,0
"L.2016.NAM-14.02.R",0,0,0,0,0,0,0,0,0,0,0,0,0,0,0,0,0,0,0,0,0,0,0,0,0,0,0
"L.2016.NAM-14.03.R",0,0,0,0,0,0,0,0,0,0,0,0,0,0,0,0,1085.10182324234,0,0,0,0,0,0,0,0,0,0
"L.2016.NAM-14.04.R",0,0,0,375.893922735004,0,0,0,0,0,733.225182618897,0,0,0,0,0,911.029393569925,587.000225313668,0,0,0,0,0,0,0,0,0,0
"L.2016.NAM-14.05.R",0,0,0,0,0,0,0,0,0,0,0,0,0,0,0,261.443462034324,89.8053021050363,0,0,0,0,0,0,0,0,0,0
"L.2016.NAM-14.06.R",0,0,0,0,0,0,319.498600196758,0,0,0,0,0,0,0,0,260.297617788739,532.497666994596,0,0,0,0,0,0,0,319.498600196758,0,0
"L.2016.NAM-14.07.R",0,0,0,0,0,0,0,0,0,262.406066828265,0,0,0,0,0,0,0,0,0,0,0,0,0,0,262.406066828265,0,0
"L.2016.NAM-14.08.R",0,0,0,0,0,0,0,0,0,0,0,0,0,2336.7045164117,0,0,798.269352044767,0,0,0,0,0,0,0,0,0,0
"L.2016.NAM-14.09.R",0,0,0,0,0,0,284.395402037338,0,0,0,0,0,0,0,0,0,514.176448644926,0,0,0,0,0,0,0,1713.20884015762,0,0
"L.2016.NAM-14.10.R",0,0,0,0,0,0,0,0,0,0,0,0,0,0,0,1066.90849925983,1063.7236977695,0,0,0,0,0,0,0,0,0,0
"L.2016.NAM-17.01.R",31442.4210664221,0,0,0,0,0,0,0,0,0,147.251007749084,0,0,0,0,0,0,0,0,0,0,0,0,0,0,0,0
"L.2016.NAM-17.02.R",0,0,203.27863020695,0,0,0,0,0,0,0,0,0,0,0,0,0,0,0,0,0,0,0,0,0,0,0,0
"L.2016.NAM-17.03.R",0,0,0,0,0,0,0,0,0,0,896.847580753651,0,0,0,0,597.898387169101,0,0,0,0,0,0,0,0,0,0,0
"L.2016.NAM-17.04.R",134.724929585174,0,0,0,0,0,480.266503474391,0,0,134.724929585174,134.724929585174,0,0,0,0,202.08739437776,556.358218193261,0,0,0,0,0,0,0,0,0,0
"L.2016.NAM-17.05.R",836.757011340663,0,1805.62714219597,151.960528252786,0,0,0,0,0,145.181274700666,416.196639307132,0,303.921056505573,0,0,380.388373607135,452.265091538338,0,0,0,0,0,0,0,0,336.826748404679,0
"L.2016.NAM-17.06.R",0,0,0,0,0,0,0,0,0,0,0,0,0,0,0,0,0,0,0,0,0,0,0,0,111.428217246024,0,0
"L.2016.NAM-17.07.R",0,0,0,0,0,119.941918126147,0,0,0,0,0,0,0,0,0,179.912877189221,179.912877189221,0,0,0,0,0,0,0,0,0,0
"L.2016.NAM-17.08.R",0,70.9572757373126,0,4044.56471702682,0,0,0,0,0,0,0,0,0,0,0,0,191.361423318263,0,0,0,0,0,0,0,0,0,0
"L.2016.NAM-17.09.R",0,0,559.415131480038,1895.46509974885,0,0,0,0,0,0,0,0,0,0,0,0,363.619835462024,0,0,0,0,0,0,0,0,0,0
"L.2016.NAM-17.10.R",69.0595811536403,0,0,0,0,0,0,0,0,0,0,0,0,0,0,0,69.0595811536403,0,0,0,0,0,0,0,0,0,0
"L.2016.NAM-23.01.R",0,0,0,0,0,0,0,0,0,0,0,0,0,0,0,0,0,0,0,0,0,0,0,0,0,0,0
"L.2016.NAM-23.02.R",0,0,0,0,0,0,0,0,0,0,0,0,0,922.2242203747,0,0,0,0,0,0,0,0,0,0,0,0,0
"L.2016.NAM-23.03.R",421.712945269567,0,632.56941790435,0,0,0,0,0,0,0,0,0,0,0,0,0,1535.98033945166,0,0,0,0,0,0,0,0,0,0
"L.2016.NAM-23.04.R",0,0,0,0,0,0,0,0,0,0,0,0,0,0,0,0,541.973290878759,0,0,0,0,0,0,0,0,0,0
"L.2016.NAM-23.05.R",130.67379492218,0,0,1577.60195588622,0,0,0,0,0,0,0,0,0,0,0,3625.62801056612,1553.84057595691,0,0,0,0,0,0,0,0,0,0
"L.2016.NAM-23.06.R",0,0,181.485835881224,0,0,0,0,0,0,0,0,0,0,0,0,2713.30537121409,4612.91853663076,0,0,0,0,0,0,0,0,0,0
"L.2016.NAM-23.07.R",0,0,0,0,0,0,0,0,0,0,0,0,0,0,0,0,482.855608066103,0,0,0,0,0,0,0,0,0,0
"L.2016.NAM-23.08.R",0,0,0,0,0,0,0,0,0,0,0,0,0,0,0,0,236.854395980581,0,0,0,0,0,0,0,0,0,0
"L.2016.NAM-23.09.R",0,0,0,0,0,0,312.402780905421,0,0,0,0,0,0,0,0,155.406645770948,1145.98188547008,0,0,0,0,0,0,0,0,0,0
"L.2016.NAM-23.10.R",0,0,55.748973522025,0,0,0,0,0,0,0,0,0,0,0,0,0,167.246920566075,0,0,0,0,0,0,0,0,0,0
"L.2016.NAM-30.01.R",0,0,0,0,0,0,0,0,0,0,0,0,0,0,0,0,264.942333645193,0,0,0,0,0,0,0,0,0,0
"L.2016.NAM-30.02.R",0,0,0,0,0,0,0,0,0,0,0,0,0,0,0,0,0,0,0,0,0,0,0,0,0,0,0
"L.2016.NAM-30.03.R",0,0,456.855690708697,2873.76966736116,0,0,0,0,0,0,0,0,0,0,0,0,0,0,0,0,0,0,0,0,0,0,0
"L.2016.NAM-30.04.R",0,0,0,1004.7390190398,0,0,0,0,0,669.826012693203,0,0,0,0,0,0,1339.65202538641,0,0,0,0,0,0,0,0,0,0
"L.2016.NAM-30.05.R",0,0,386.075231584815,0,0,0,0,0,0,1380.68500202284,0,0,0,0,0,0,3336.9459461548,0,0,0,0,0,0,0,0,0,0
"L.2016.NAM-30.06.R",222.439100345059,0,109.083566072177,0,0,55.6097750862647,0,0,0,0,0,0,0,367.065758913045,0,369.265403910277,1183.63321787804,146.826303565218,0,0,0,0,0,0,0,0,0
"L.2016.NAM-30.07.R",0,0,0,0,0,0,0,0,0,0,0,0,0,0,0,0,257.849087375386,0,0,0,0,0,0,0,0,0,0
"L.2016.NAM-30.08.R",0,0,0,0,0,0,0,0,0,0,2333.88251565394,0,0,0,0,0,2112.73185031295,0,0,0,0,0,0,0,0,0,0
"L.2016.NAM-30.09.R",0,811.96389507577,0,0,0,350.796861873491,198.135912567575,0,0,711.272332839888,0,0,0,0,0,3301.41706001538,1213.1065380672,0,0,0,0,0,0,0,711.272332839888,0,0
"L.2016.NAM-30.10.R",0,0,0,0,0,0,0,0,0,0,0,0,0,0,0,0,837.888693253556,0,0,0,0,0,0,0,0,0,0
"L.2016.NAM-32.01.R",181.132212175254,181.132212175254,0,0,0,0,0,0,0,0,0,0,0,0,0,0,0,0,0,0,0,0,0,0,0,0,0
"L.2016.NAM-32.02.R",0,0,0,0,0,0,0,0,0,0,0,0,0,0,0,0,282.143656969742,0,0,0,0,0,0,0,0,0,0
"L.2016.NAM-32.03.R",0,0,133.097897940532,190.30570827919,0,0,0,0,0,0,0,0,0,133.097897940532,0,0,0,0,0,0,0,0,0,0,0,0,0
"L.2016.NAM-32.04.R",0,0,0,0,0,0,0,0,0,0,0,0,0,0,0,0,0,0,0,0,0,0,0,0,0,0,0
"L.2016.NAM-32.05.R",0,0,0,0,0,0,0,0,0,0,0,0,0,0,0,0,0,0,0,0,0,0,0,0,0,0,0
"L.2016.NAM-32.06.R",0,0,0,0,0,0,0,0,0,0,0,0,0,0,0,0,0,0,0,0,0,0,0,0,0,0,0
"L.2016.NAM-32.07.R",625.170945180323,0,0,0,0,0,0,0,0,0,0,0,0,250.595948490003,0,375.893922735004,1043.27050134522,0,0,0,0,0,0,0,626.489871225007,0,0
"L.2016.NAM-32.08.R",0,0,0,0,0,0,0,0,0,0,0,0,0,0,0,0,0,0,0,0,0,0,0,0,0,0,0
"L.2016.NAM-32.09.R",0,2228.49926148743,0,0,0,0,0,0,0,6227.95675631765,0,0,0,0,0,0,541.5614570711,0,0,0,0,0,0,0,0,0,0
"L.2016.NAM-32.10.R",0,675.753676522346,0,0,0,0,0,0,0,1020.07854604805,0,0,0,0,0,0,0,0,0,0,0,0,0,0,0,0,0
"L.2016.NAM-37.01.R",2449.12329039714,0,0,0,0,0,0,0,0,0,0,0,0,0,0,0,0,0,0,0,0,0,0,0,0,0,0
"L.2016.NAM-37.02.R",0,0,0,0,0,0,0,0,0,0,0,0,0,0,0,0,310.948899435239,0,0,0,0,0,0,0,0,0,0
"L.2016.NAM-37.03.R",0,0,0,0,0,0,0,0,0,0,0,0,0,0,0,0,536.667829446964,0,0,0,0,0,0,0,0,0,0
"L.2016.NAM-37.04.R",1230.97547453812,374.340011894981,0,1018.13553929367,0,0,0,0,0,0,0,0,0,0,0,0,0,0,0,0,0,0,0,0,203.627107858734,551.194800855041,0
"L.2016.NAM-37.05.R",0,0,0,0,0,0,0,0,0,0,0,0,0,0,0,0,70.7881284769138,0,0,0,0,0,0,0,0,0,0
"L.2016.NAM-37.06.R",348.222252852883,116.074084284294,460.038793505128,0,0,0,0,0,0,0,0,0,0,0,0,116.074084284294,242.056344916142,0,0,0,0,0,0,0,535.05621434352,0,0
"L.2016.NAM-37.07.R",0,0,0,0,0,0,0,0,0,0,0,0,0,170.067183623664,0,113.378122415776,1085.7524893483,0,0,0,0,0,0,0,45.5512512786379,0,0
"L.2016.NAM-37.08.R",0,187.354068744892,0,468.385171862229,0,0,0,0,0,0,0,0,0,0,0,0,0,0,0,0,0,0,0,0,0,0,0
"L.2016.NAM-37.09.R",0,0,35634.7438752784,0,0,0,0,0,0,0,0,0,0,0,0,0,213808.46325167,0,0,0,0,0,0,0,0,0,0
"L.2016.NAM-37.10.R",102.693786384088,0,0,0,0,0,0,0,0,0,0,0,171.156310640146,0,0,0,547.700194048467,0,0,0,0,0,0,0,376.543883408321,0,0
"L.2016.NAM-43.01.R",83.3171472417077,0,0,0,0,0,0,0,0,0,0,0,0,0,0,0,0,0,0,0,0,0,0,0,0,0,0
"L.2016.NAM-43.02.R",0,0,0,0,0,0,0,0,0,0,0,0,0,0,0,0,0,0,0,0,0,0,0,0,0,109.008087718808,0
"L.2016.NAM-43.03.R",0,0,159.653870408953,0,0,364.36343430755,0,0,0,78.3181184072053,0,0,0,313.272473628821,0,0,0,0,0,0,0,0,0,0,0,0,0
"L.2016.NAM-43.04.R",0,0,0,0,0,0,0,0,0,206.45853925422,301.733648393551,0,0,412.91707850844,0,688.1951308474,179.882604115489,0,0,0,0,0,0,0,206.45853925422,0,0
"L.2016.NAM-43.05.R",0,0,0,378.556060998,0,0,0,0,0,0,0,0,0,0,0,0,0,0,0,0,0,0,0,0,0,0,0
"L.2016.NAM-43.06.R",0,0,0,0,0,0,0,0,0,0,0,0,0,0,0,0,0,0,0,0,0,0,0,0,0,0,0
"L.2016.NAM-43.07.R",0,0,0,0,0,0,0,0,0,0,0,0,0,0,0,0,516.902895110394,0,0,0,0,0,0,0,0,0,0
"L.2016.NAM-43.08.R",0,0,0,0,0,60.0315766092965,0,0,0,0,0,0,0,0,0,0,752.280649562336,0,0,0,0,0,0,0,553.938248715041,0,0
"L.2016.NAM-43.09.R",0,106.690849925983,106.690849925983,0,0,0,0,0,0,0,0,0,0,129.111390852458,0,0,624.082575085598,0,0,0,0,0,0,0,609.766322301136,0,0
"L.2016.NAM-43.10.R",0,1063.7236977695,0,0,0,0,0,0,0,0,0,0,0,0,0,0,9186.98982347448,0,0,0,0,0,0,0,0,0,0
"L.2016.NAM-46.01.R",941.472757603128,221.885080169853,0,0,0,0,0,0,0,0,0,0,0,0,0,0,514.209868330136,0,0,0,0,0,0,0,0,941.472757603128,0
"L.2016.NAM-46.02.R",0,0,0,3459.68387138625,0,0,0,0,0,0,0,0,0,0,0,0,0,0,0,0,0,0,0,0,0,0,0
"L.2016.NAM-46.03.R",0,0,0,190.66208601005,0,0,0,0,0,4518.89867983603,0,0,0,0,0,0,0,0,0,0,0,0,0,0,0,0,0
"L.2016.NAM-46.04.R",0,0,0,570.155902004454,0,0,0,0,0,1147.12216876037,0,0,0,0,0,0,1490.75518587974,0,0,0,0,0,0,0,0,0,0
"L.2016.NAM-46.05.R",0,0,0,0,0,0,0,0,0,0,0,0,0,0,0,0,556.487274342686,0,0,0,0,0,0,0,0,0,0
"L.2016.NAM-46.06.R",0,0,0,13066.0727542687,0,0,0,0,0,0,196.154553441899,0,0,0,0,0,0,0,0,0,0,0,0,0,0,0,0
"L.2016.NAM-46.07.R",0,0,0,25453.3884823417,0,0,0,0,0,25453.3884823417,0,0,0,0,0,0,0,0,0,0,0,0,0,0,25453.3884823417,0,0
"L.2016.NAM-46.08.R",0,0,0,0,0,0,0,0,0,0,0,0,0,0,0,0,0,0,0,0,0,0,0,0,0,0,0
"L.2016.NAM-46.09.R",0,0,0,0,0,0,0,0,0,0,0,0,0,0,0,62.8589590320663,1475.25100403829,0,0,0,0,0,0,0,0,0,0
"L.2016.NAM-46.10.R",0,353.519284476968,0,0,0,0,0,0,0,0,0,0,0,0,0,0,571.069613385872,0,0,0,0,0,0,0,0,0,0
"L.2016.NAM-48.01.R",0,0,0,1882.11675397597,0,0,0,0,0,0,0,0,0,0,0,0,0,0,0,0,0,0,0,0,0,0,0
"L.2016.NAM-48.02.R",0,0,0,0,0,0,0,0,0,0,0,0,0,0,0,0,0,0,0,0,0,0,0,0,0,0,0
"L.2016.NAM-48.03.R",0,0,645.55695426229,142.843708746439,0,0,1291.11390852458,0,0,0,0,0,0,0,0,0,0,0,0,0,0,0,0,0,0,0,0
"L.2016.NAM-48.04.R",0,0,0,0,0,0,0,0,0,0,0,0,0,0,0,0,0,0,0,0,0,0,0,0,0,0,0
"L.2016.NAM-48.05.R",0,0,37.1582313610828,0,0,0,0,0,0,0,0,0,0,0,0,65.2292584207915,0,0,0,0,0,0,0,0,0,0,0
"L.2016.NAM-48.06.R",0,0,0,0,0,0,0,0,0,0,0,0,0,0,0,0,0,0,0,0,0,0,0,0,0,0,0
"L.2016.NAM-48.07.R",0,0,0,0,0,0,0,0,0,0,0,0,0,0,0,0,427.965667348301,0,0,0,0,0,0,0,0,0,0
"L.2016.NAM-48.08.R",0,0,0,0,0,0,159.582372930042,0,0,0,0,0,0,0,0,0,319.164745860084,0,0,0,0,0,0,0,159.582372930042,0,0
"L.2016.NAM-48.09.R",0,176.672007314221,0,0,0,0,0,0,0,0,0,0,0,0,0,0,190.356537795291,0,0,0,0,0,0,0,0,0,0
"L.2016.NAM-48.10.R",0,0,0,0,0,0,0,0,0,598.90325840804,0,0,0,0,0,0,172.398373852339,0,0,0,0,0,0,0,0,0,0
"L.2016.NAM-5.01.R",0,0,0,0,0,0,0,0,0,0,0,0,0,0,0,0,0,0,0,0,0,0,0,0,0,0,0
"L.2016.NAM-5.02.R",0,6143.92135780662,0,0,0,0,0,0,0,0,0,0,0,0,0,0,0,0,0,0,0,0,0,0,0,275.59740042752,0
"L.2016.NAM-5.03.R",1039.31851527456,1039.31851527456,251.214267714335,1827.42276283479,0,0,0,0,0,0,0,0,0,0,0,0,0,0,0,0,0,0,0,0,0,0,0
"L.2016.NAM-5.04.R",0,0,0,0,0,0,0,0,0,0,0,0,0,0,0,0,0,0,0,0,0,0,0,0,135.441823927322,0,0
"L.2016.NAM-5.05.R",67.9274568724331,0,0,0,0,0,0,0,0,0,0,0,0,0,0,0,67.9274568724331,0,0,0,0,0,0,0,0,0,0
"L.2016.NAM-5.06.R",0,0,0,88.8646979433376,0,0,0,0,0,0,0,0,0,0,0,0,0,0,0,0,0,0,0,0,0,0,0
"L.2016.NAM-5.07.R",0,0,0,0,0,0,0,0,0,0,0,0,0,0,0,0,68.6075161249103,0,0,0,0,0,0,0,0,0,0
"L.2016.NAM-5.08.R",0,0,0,0,0,0,0,0,0,0,0,0,0,0,0,0,207.058360693076,0,0,0,0,0,0,0,0,0,0
"L.2016.NAM-5.09.R",20.8927907336295,20.8927907336295,0,0,0,0,672.353658024121,0,0,0,0,0,0,104.463953668147,0,672.353658024121,1183.26780224109,0,0,0,0,0,0,0,448.23577201608,0,0
"L.2016.NAM-5.10.R",0,846.430970909226,0,0,0,0,0,0,0,0,0,0,0,0,0,0,2482.31323277438,0,0,0,0,0,0,0,2539.29291272768,0,0
"L.2016.NAM-72.01.R",0,7528.46701590389,0,596.563792554884,0,1254.74450265065,0,0,0,10037.9560212052,0,0,0,0,0,9410.58376987986,2509.4890053013,0,0,0,0,0,0,0,1882.11675397597,0,0
"L.2016.NAM-72.02.R",4388.51525557616,0,0,877.703051115231,0,0,0,0,0,0,0,0,0,0,0,0,0,0,0,0,0,0,0,0,0,0,0
"L.2016.NAM-72.03.R",0,0,0,0,0,0,0,0,0,0,0,0,0,0,0,0,1968.77037984964,0,0,0,0,0,0,0,0,2953.15556977445,0
"L.2016.NAM-72.04.R",0,0,0,4185.2887101837,0,0,0,0,0,0,0,0,0,0,0,0,448.423790376825,0,0,0,0,0,0,0,0,0,0
"L.2016.NAM-72.05.R",0,0,0,0,0,0,0,0,0,0,0,0,0,0,0,0,320.747108068578,0,0,0,0,0,0,0,0,0,0
"L.2016.NAM-72.06.R",0,0,0,0,0,0,0,0,0,0,0,0,0,0,0,0,0,0,0,0,0,0,0,0,103.34902516032,0,0
"L.2016.NAM-72.07.R",0,0,0,911.957616769761,0,0,0,0,0,0,0,0,0,0,0,0,0,0,0,0,0,0,0,0,227.98940419244,0,0
"L.2016.NAM-72.08.R",69.5991091314031,0,0,0,0,0,0,0,0,1376.44933423822,0,0,0,537.477283186703,0,0,0,0,0,0,0,0,0,0,0,0,0
"L.2016.NAM-72.09.R",0,0,0,0,0,0,0,0,0,118.2307361489,0,0,0,0,0,0,1300.5380976379,0,0,0,0,0,0,0,0,0,0
"L.2016.NAM-72.10.R",90.214541456401,527.157852991283,0,0,0,0,0,0,0,0,0,0,0,0,0,0,464.720186166907,0,0,0,0,0,0,0,0,0,0
"L.2016.NAM-76.01.R",0,0,271.944087332158,0,0,0,0,0,0,413.876235485231,0,0,0,0,0,200.64608037882,1164.70252789216,0,0,0,0,0,0,0,0,0,0
"L.2016.NAM-76.02.R",367.937469027139,0,0,0,0,0,0,0,0,0,0,0,0,0,0,0,551.906203540708,0,0,0,0,0,0,0,0,0,0
"L.2016.NAM-76.03.R",367.874162511477,0,0,0,0,0,0,0,0,0,0,0,0,0,0,0,934.350093850334,0,0,0,0,0,0,0,0,0,0
"L.2016.NAM-76.04.R",226.97289092534,0,0,0,0,0,0,0,0,0,0,0,0,0,0,0,226.97289092534,0,0,0,0,0,0,0,0,0,0
"L.2016.NAM-76.05.R",0,0,0,0,0,0,0,0,0,0,0,0,0,0,0,0,1160.09419657606,0,0,0,0,0,0,0,0,0,0
"L.2016.NAM-76.06.R",0,0,0,0,0,0,0,0,0,0,0,0,0,0,0,0,22.7233413310027,0,0,0,0,0,0,0,0,0,0
"L.2016.NAM-76.07.R",0,0,0,0,0,122.963229383293,0,0,0,0,0,0,0,0,0,0,144.950959466638,115.960767573311,0,0,0,0,0,0,0,0,0
"L.2016.NAM-76.08.R",0,0,0,0,0,0,0,0,0,0,0,0,0,0,0,214.022485737408,679.8806172365,0,0,0,0,0,0,0,0,0,0
"L.2016.NAM-76.09.R",0,0,0,0,0,0,0,0,0,75.2740681776054,0,0,0,0,0,0,188.185170444013,0,0,0,0,0,0,0,0,0,0
"L.2016.NAM-76.10.R",0,0,1754.74935752275,0,0,0,0,0,0,0,0,0,0,0,0,100.776990597507,627.473421987244,0,0,0,0,0,0,0,0,0,0
"L.2016.NAM-79.01.R",0,0,0,0,0,0,0,0,0,0,0,0,0,0,0,0,0,0,0,0,0,0,0,0,0,0,0
"L.2016.NAM-79.02.R",0,0,0,0,0,0,0,0,0,0,0,0,0,0,0,0,0,0,0,0,0,0,0,0,0,0,0
"L.2016.NAM-79.03.R",0,103.830838797431,0,0,0,0,0,0,0,0,0,0,0,325.431450915784,0,0,0,0,0,0,0,0,0,0,0,0,0
"L.2016.NAM-79.04.R",0,0,0,0,0,0,0,0,0,0,0,0,0,0,0,0,0,0,0,0,0,0,0,0,0,0,0
"L.2016.NAM-79.05.R",0,0,0,0,0,0,0,0,0,0,0,0,0,0,0,0,0,0,0,0,0,0,0,0,0,0,0
"L.2016.NAM-79.06.R",0,584.176129102925,0,0,0,0,0,0,0,0,0,0,0,0,0,0,584.176129102925,0,0,0,0,0,584.176129102925,0,237.564959168523,0,0
"L.2016.NAM-79.07.R",0,0,0,0,0,0,0,0,0,0,0,0,0,0,0,0,80.1501211769645,0,0,0,0,0,0,0,0,0,0
"L.2016.NAM-79.08.R",0,0,0,0,0,0,0,0,0,0,0,0,0,0,0,0,210.074836349067,0,0,0,0,0,0,0,0,0,0
"L.2016.NAM-79.09.R",0,0,0,0,0,0,0,0,0,0,0,0,0,0,0,0,262.148679808326,0,0,0,0,0,0,0,0,0,0
"L.2016.NAM-79.10.R",0,0,0,0,0,0,0,0,0,0,0,0,0,0,0,0,5605.62938160657,0,0,0,0,0,0,0,3979.0656932693,0,0
"L.2016.YN04-C1213.01.R",0,0,0,0,0,0,0,0,0,100.748498375116,0,0,0,0,0,0,83.7676160678853,0,0,0,0,0,0,0,293.186656237599,0,0
"L.2016.YN04-C1213.02.R",0,0,0,0,0,0,0,0,0,0,0,0,0,0,0,0,0,0,0,0,0,0,0,0,0,0,0
"L.2016.YN04-C1213.03.R",515.32529103801,1246.93752813973,163.913265295669,0,0,491.739795887006,0,0,0,0,877.703051115231,0,0,0,0,0,197.094822319018,0,0,0,0,0,0,0,0,0,0
"L.2016.YN04-C1213.04.R",0,0,0,0,0,0,0,0,0,0,0,0,0,0,0,0,0,0,0,0,0,0,0,0,0,136.636287865331,0
"L.2016.YN04-C1213.05.R",0,0,0,77.2485234668944,0,0,0,0,0,0,0,0,0,0,0,0,118.062511525372,0,0,0,0,0,0,0,180.33777264817,0,0
"L.2016.YN04-C1213.06.R",0,0,0,0,0,0,0,0,0,0,0,0,0,0,0,0,0,0,0,0,0,0,0,0,0,0,0
"L.2016.YN04-C1213.07.R",0,0,0,0,0,0,0,0,0,0,115.397486642741,0,0,0,0,0,450.455561261318,0,0,0,0,0,127.403446103963,0,0,173.096229964111,0
"L.2016.YN04-C1213.08.R",0,69.1042221240047,0,0,0,0,0,0,0,0,0,0,0,0,0,0,184.277925664012,0,0,0,0,0,69.1042221240047,0,0,0,0
"L.2016.YN04-C1213.09.R",0,0,0,0,0,0,0,0,0,0,0,0,0,0,0,493.898044009403,575.372613702019,0,0,0,0,0,0,0,0,0,0
"L.2016.YN04-C1213.10.R",0,0,0,0,0,0,0,0,0,0,1799.73453915547,0,0,0,0,106.818776604552,1573.68874421958,0,0,0,0,0,0,0,377.88699761695,0,0
"L.2017.NAM-0.01.R",0,0,0,0,0,0,0,0,0,0,0,2199.67554785669,0,0,0,0,0,0,0,0,0,0,0,0,0,0,0
"L.2017.NAM-0.03.R",0,0,0,0,0,0,0,0,0,0,0,0,0,0,0,0,0,0,0,0,0,0,0,0,0,0,0
"L.2017.NAM-0.04.R",0,0,0,22990.1573388893,0,0,0,0,0,0,0,0,0,0,0,0,0,0,0,0,0,0,0,0,0,0,0
"L.2017.NAM-0.05.R",0,0,0,3549.27727841418,0,0,0,0,0,0,0,0,0,0,0,0,0,0,0,0,0,0,0,0,0,0,0
"L.2017.NAM-0.06.R",0,0,0,1329.65462221188,0,0,0,0,0,0,0,0,0,0,0,0,0,0,0,0,0,0,0,0,0,0,0
"L.2017.NAM-0.07.R",0,0,133630.289532294,0,0,0,0,0,0,0,0,0,0,0,0,0,0,0,0,0,0,0,0,0,0,0,0
"L.2017.NAM-0.08.R",0,0,0,0,0,0,0,0,0,0,0,0,0,0,0,0,0,0,0,0,0,0,0,0,0,0,0
"L.2017.NAM-0.09.R",0,0,0,0,0,0,0,0,0,0,0,0,0,0,0,0,0,0,0,0,0,0,0,0,0,0,0
"L.2017.NAM-0.10.R",0,0,1319.80532871401,0,0,0,0,0,0,0,0,0,0,0,0,0,0,0,0,0,0,0,0,0,0,0,0
"L.2017.NAM-13.01.R",0,0,0,0,0,0,0,0,0,0,0,0,0,0,0,0,0,0,0,0,0,0,0,0,0,0,0
"L.2017.NAM-13.02.R",0,0,0,5329.98305826814,0,0,0,0,0,0,0,0,0,0,0,0,0,0,0,0,0,0,0,0,0,0,0
"L.2017.NAM-13.03.R",0,0,0,0,0,0,0,0,0,0,0,0,0,0,0,0,0,0,0,0,0,0,0,0,0,0,0
"L.2017.NAM-13.04.R",0,0,0,0,0,0,0,0,0,0,0,6599.02664357007,0,0,0,0,0,0,0,0,0,0,0,0,0,0,0
"L.2017.NAM-13.05.R",0,0,0,17817.3719376392,0,0,0,0,0,0,0,17817.3719376392,0,0,0,0,0,0,0,0,0,0,0,0,0,0,0
"L.2017.NAM-13.06.R",0,0,0,0,0,0,0,0,0,406.557260413901,0,0,0,0,0,0,101.639315103475,2172.85023629746,0,0,0,0,0,0,406.557260413901,0,0
"L.2017.NAM-13.07.R",0,0,0,0,0,0,0,0,640.912659627309,0,0,0,0,0,0,0,0,0,0,0,0,0,0,0,0,0,0
"L.2017.NAM-13.08.R",0,0,0,0,0,0,0,0,0,0,0,0,0,0,0,0,0,0,0,0,0,0,0,0,0,0,0
"L.2017.NAM-13.09.R",0,0,0,0,0,0,0,0,0,0,0,0,0,0,0,0,0,0,0,0,0,0,0,0,0,0,0
"L.2017.NAM-13.10.R",0,0,0,0,0,0,0,0,0,0,0,0,0,0,0,0,0,0,0,0,0,0,0,0,0,0,0
"L.2017.NAM-14.03.R",0,0,0,59391.2397921307,0,0,0,0,0,0,0,0,0,0,0,0,0,0,0,0,0,0,0,0,0,0,0
"L.2017.NAM-14.06.R",0,0,0,237564.959168523,0,0,0,0,0,0,0,0,0,0,0,0,0,0,0,0,0,0,0,0,0,0,0
"L.2017.NAM-14.09.R",0,0,0,0,0,0,0,0,0,0,0,0,0,0,0,0,0,0,0,0,0,0,0,0,0,0,0
"L.2017.NAM-17.01.R",0,0,0,0,0,0,0,0,0,0,0,0,0,0,0,0,0,0,0,0,0,0,0,0,0,0,0
"L.2017.NAM-17.03.R",0,0,0,0,0,0,0,0,0,0,0,0,0,0,0,0,0,0,0,0,0,0,0,0,0,0,0
"L.2017.NAM-17.04.R",0,0,0,9377.56417770484,0,0,0,0,0,0,0,0,0,0,0,0,0,5018.97801060259,0,0,0,0,0,0,0,0,0
"L.2017.NAM-17.05.R",0,0,0,14847.8099480327,0,0,0,0,0,0,0,0,0,0,0,0,0,0,0,0,0,0,0,0,0,3181.67356029271,0
"L.2017.NAM-17.06.R",0,0,0,0,0,0,0,0,0,0,0,0,0,0,0,0,0,0,0,0,0,0,0,0,0,0,0
"L.2017.NAM-17.07.R",0,0,0,0,0,0,0,0,0,0,0,0,0,0,0,0,0,0,0,0,0,0,0,0,0,0,0
"L.2017.NAM-17.08.R",0,0,118782.479584261,6014.30276376007,0,0,0,0,0,0,0,0,0,0,0,0,0,0,0,0,0,0,0,0,0,0,0
"L.2017.NAM-17.09.R",0,0,0,6143.92135780662,0,0,0,0,0,0,0,0,0,0,0,0,0,0,0,0,0,0,0,0,0,0,0
"L.2017.NAM-17.10.R",0,0,0,0,0,0,0,0,0,0,0,0,0,0,0,0,0,0,0,0,0,0,0,0,0,0,0
"L.2017.NAM-23.03.R",0,0,0,0,0,0,0,0,0,0,0,0,0,0,0,0,0,6307.03431420857,0,0,0,0,12614.0686284171,0,0,0,0
"L.2017.NAM-23.06.R",0,0,0,0,0,0,0,0,0,0,0,1106.66906444964,0,0,0,0,0,0,0,0,0,0,0,0,0,0,0
"L.2017.NAM-23.09.R",0,0,0,6371.47400068835,0,0,0,0,0,0,0,0,0,0,0,0,0,0,0,0,0,0,0,0,0,0,0
"L.2017.NAM-30.03.R",0,0,0,0,0,0,0,0,0,0,0,0,0,0,0,0,0,0,0,0,0,0,0,0,0,0,0
"L.2017.NAM-30.06.R",0,0,30419.9033081645,0,0,0,0,0,0,0,0,8691.40094518985,0,0,0,0,0,0,6599.02664357007,0,0,0,0,0,0,0,0
"L.2017.NAM-30.09.R",0,0,0,0,0,0,0,0,0,0,0,0,0,0,0,0,0,0,0,0,0,208.878920722617,0,0,1106.66906444964,0,0
"L.2017.NAM-32.01.R",0,0,0,0,0,0,0,0,0,0,0,0,0,0,0,0,0,0,336.812323962934,0,0,0,0,0,0,0,0
"L.2017.NAM-32.02.R",0,0,0,0,0,0,0,0,0,0,0,0,0,0,0,0,0,0,0,0,0,0,0,0,0,0,0
"L.2017.NAM-32.03.R",0,0,0,0,0,0,0,0,0,0,0,1478.62007781238,0,0,0,0,0,0,0,0,0,0,0,0,0,0,0
"L.2017.NAM-32.04.R",0,0,0,0,0,0,0,0,0,0,0,0,0,0,0,0,0,0,0,0,0,0,0,0,0,0,0
"L.2017.NAM-32.05.R",0,0,0,0,0,0,0,0,0,0,0,0,0,0,0,0,0,0,0,0,0,0,0,0,0,0,0
"L.2017.NAM-32.06.R",0,0,0,0,0,0,0,0,0,0,0,0,0,0,0,0,0,0,0,0,0,0,0,0,0,0,0
"L.2017.NAM-32.07.R",0,0,0,0,0,0,0,0,0,0,0,0,0,0,0,0,0,0,0,0,0,0,0,0,0,0,0
"L.2017.NAM-32.08.R",0,0,0,3340.75723830735,0,0,0,0,0,0,0,0,0,0,0,0,0,0,0,0,0,0,0,0,0,0,0
"L.2017.NAM-32.09.R",0,0,331.794635710227,0,0,0,0,0,0,0,0,0,0,0,0,0,0,0,0,0,0,0,0,0,0,0,0
"L.2017.NAM-32.10.R",0,0,6723.53658024121,5250.69899930428,0,0,0,0,0,0,344.963638676461,0,3361.7682901206,0,0,344.963638676461,0,1680.8841450603,0,0,0,0,0,0,0,0,0
"L.2017.NAM-37.01.R",0,0,0,0,0,0,0,0,0,0,0,0,0,0,0,0,0,0,0,0,0,0,0,0,0,0,0
"L.2017.NAM-37.03.R",0,0,0,0,0,0,0,0,0,0,0,0,0,0,0,0,0,0,0,0,0,0,0,0,0,0,0
"L.2017.NAM-37.04.R",0,0,0,0,0,0,0,0,0,0,0,0,0,0,0,0,0,0,0,0,0,0,0,0,0,0,0
"L.2017.NAM-37.05.R",0,0,0,8351.89309576838,0,0,0,0,0,0,0,0,0,0,0,0,0,26396.1065742803,0,0,0,0,0,0,0,0,0
"L.2017.NAM-37.06.R",0,0,296956.198960653,0,0,0,0,0,0,0,0,0,0,0,0,0,0,0,0,0,0,0,0,0,0,0,0
"L.2017.NAM-37.07.R",0,0,0,89086.859688196,0,0,0,0,0,0,0,0,0,0,0,0,0,163325.909428359,0,0,0,0,0,0,0,0,0
"L.2017.NAM-37.08.R",0,0,0,0,0,0,0,0,59391.2397921307,0,0,0,0,0,0,0,0,118782.479584261,0,0,0,0,0,0,0,0,0
"L.2017.NAM-37.09.R",0,0,0,0,0,0,0,0,0,0,0,0,0,0,0,0,0,0,0,0,0,0,0,0,0,0,0
"L.2017.NAM-37.10.R",0,0,0,0,0,0,0,0,0,0,0,0,0,0,0,0,0,0,0,0,0,0,0,0,0,0,0
"L.2017.NAM-43.01.R",0,0,0,0,0,0,0,0,0,0,0,0,0,0,0,0,0,0,0,0,0,0,0,0,0,0,0
"L.2017.NAM-43.02.R",0,0,0,0,0,0,0,0,0,0,0,0,0,0,0,0,0,0,0,0,0,0,0,0,0,0,0
"L.2017.NAM-43.03.R",0,0,0,5202.15239055159,0,0,0,2601.0761952758,0,0,0,0,0,0,0,0,0,0,0,0,0,0,0,0,0,0,0
"L.2017.NAM-43.04.R",0,0,78606.0526660553,0,0,0,0,0,0,0,0,0,0,0,0,15721.2105332111,0,0,0,0,0,0,0,0,0,0,0
"L.2017.NAM-43.05.R",0,0,0,0,0,0,0,0,8908.6859688196,0,0,0,0,0,0,0,0,9255.77762994244,8346.74796275103,0,0,0,2313.94440748561,0,0,0,0
"L.2017.NAM-43.06.R",0,0,0,129580.886819194,0,0,0,0,0,0,0,0,0,0,0,0,0,0,0,0,0,893.101350257604,0,0,0,0,0
"L.2017.NAM-43.07.R",0,0,0,0,0,0,0,0,0,0,0,0,0,0,0,0,0,0,0,0,0,0,0,0,0,0,0
"L.2017.NAM-43.08.R",0,0,0,0,0,0,0,0,0,0,0,0,0,0,0,0,0,0,0,0,0,2569.81326023642,0,0,0,0,0
"L.2017.NAM-43.09.R",0,0,0,0,0,0,0,0,0,0,0,0,0,0,0,0,0,0,0,0,0,0,0,0,0,0,0
"L.2017.NAM-43.10.R",0,0,0,0,0,0,0,0,0,0,0,0,0,0,0,4568.55690708697,0,0,0,0,0,0,0,0,0,0,0
"L.2017.NAM-46.03.R",0,0,0,0,0,0,0,0,0,0,0,25453.3884823417,0,0,0,0,0,0,0,0,0,0,0,0,0,0,0
"L.2017.NAM-46.06.R",0,0,0,0,0,0,0,0,0,0,0,0,0,0,0,0,0,0,0,0,0,0,0,0,0,0,0
"L.2017.NAM-46.09.R",0,0,0,0,0,0,0,0,0,0,0,0,0,0,0,0,0,0,520.215239055159,0,0,0,0,0,0,0,0
"L.2017.NAM-48.03.R",0,0,0,4208.82801676516,0,0,0,0,0,0,0,0,0,0,0,0,0,0,0,0,0,0,0,0,0,0,0
"L.2017.NAM-48.06.R",0,0,0,0,0,0,0,0,0,0,0,0,0,0,0,0,0,0,0,0,0,0,0,0,0,0,0
"L.2017.NAM-48.09.R",0,0,0,0,0,0,0,0,0,0,0,0,0,0,0,1562.92736295081,0,0,0,0,0,0,0,0,0,0,0
"L.2017.NAM-5.03.R",0,0,0,30719.6067890331,0,0,0,0,0,0,0,1503.57569094002,0,0,0,0,0,0,0,0,0,0,0,0,0,71269.4877505568,0
"L.2017.NAM-5.06.R",0,0,0,0,0,0,0,0,0,0,0,0,0,0,0,0,0,0,0,0,0,0,0,0,0,0,0
"L.2017.NAM-5.09.R",0,0,0,0,0,0,0,0,0,0,0,0,0,0,0,0,0,0,0,0,0,0,0,0,0,0,2032.39984079535
"L.2017.NAM-72.01.R",0,0,0,0,0,0,0,0,0,0,0,0,0,0,0,0,0,0,0,0,0,0,0,0,0,0,0
"L.2017.NAM-72.02.R",0,0,0,0,0,0,0,0,0,0,0,0,0,0,0,0,0,0,0,0,0,0,0,0,0,0,0
"L.2017.NAM-72.03.R",0,0,0,0,0,0,0,0,0,0,0,0,877.703051115231,0,0,0,0,0,0,0,0,0,0,0,0,0,0
"L.2017.NAM-72.04.R",0,0,0,0,0,0,0,0,0,0,0,1199.82302610365,0,0,0,0,0,2396.95586605012,0,0,0,0,0,0,0,0,0
"L.2017.NAM-72.05.R",0,0,0,1060.5578534309,0,0,0,0,0,0,0,38951.3975260078,0,0,0,0,0,0,0,0,0,0,0,0,0,0,0
"L.2017.NAM-72.06.R",0,0,0,0,0,0,0,0,0,0,0,0,0,0,0,0,0,0,0,0,0,0,0,0,0,0,0
"L.2017.NAM-72.07.R",0,0,0,0,0,0,0,0,0,0,0,0,0,0,0,0,0,0,0,0,0,0,0,0,0,0,0
"L.2017.NAM-72.08.R",0,0,0,0,0,0,0,0,0,0,0,0,0,0,0,0,0,5499.18886964173,0,0,0,0,0,0,0,0,0
"L.2017.NAM-72.09.R",0,0,0,0,0,0,0,0,0,0,0,0,0,0,0,0,0,0,0,0,0,0,0,0,0,0,0
"L.2017.NAM-72.10.R",0,0,0,1370.56707212609,0,0,0,0,0,0,0,0,0,0,0,0,0,0,0,0,0,0,0,0,0,0,0
"L.2017.NAM-76.03.R",0,0,0,0,0,0,0,0,0,0,0,0,0,0,0,0,0,0,0,0,0,0,0,0,0,0,0
"L.2017.NAM-76.06.R",0,0,0,276.66726611241,0,0,0,0,0,0,0,0,0,0,0,0,0,0,0,0,0,0,0,0,0,0,0
"L.2017.NAM-76.09.R",0,0,0,0,0,0,0,0,0,0,0,0,0,0,0,0,0,0,0,0,0,0,0,0,0,0,0
"L.2017.NAM-79.03.R",0,0,89086.859688196,0,0,0,0,0,0,0,0,1535.98033945166,0,0,0,0,0,18431.7640734199,0,0,0,0,0,1870824.05345212,0,0,0
"L.2017.NAM-79.06.R",0,0,0,0,0,0,0,0,0,0,0,0,0,0,0,0,0,0,0,0,0,0,0,0,0,0,0
"L.2017.NAM-79.09.R",0,1212.06611820675,0,1212.06611820675,0,0,0,0,0,0,0,0,0,0,0,0,0,693.282954771953,0,0,0,0,0,0,0,0,0
"L.2017.YN04-C1213.01.R",0,0,0,0,0,0,0,0,0,0,0,0,0,0,0,0,0,0,0,0,0,0,0,0,0,0,0
"L.2017.YN04-C1213.02.R",0,0,0,0,0,0,0,0,0,0,0,0,0,0,0,0,0,0,0,0,0,0,0,0,0,0,0
"L.2017.YN04-C1213.03.R",0,0,0,19090.0413617563,0,0,0,0,0,0,0,1634.6212786825,0,0,0,0,0,0,0,0,0,0,0,0,0,0,0
"L.2017.YN04-C1213.04.R",0,0,0,0,0,0,0,0,0,0,0,0,0,0,0,0,0,0,0,0,0,0,0,0,0,0,0
"L.2017.YN04-C1213.05.R",0,0,0,14253.8975501114,0,0,0,0,0,0,0,0,0,0,0,0,0,0,0,0,0,0,0,0,0,0,0
"L.2017.YN04-C1213.06.R",0,0,0,0,0,0,0,0,0,0,0,0,0,0,0,0,0,114540.248170538,0,0,0,0,0,0,0,0,0
"L.2017.YN04-C1213.07.R",0,0,18615.1647109663,0,0,0,0,0,0,0,0,0,0,0,0,0,0,0,0,0,0,0,0,0,0,0,0
"L.2017.YN04-C1213.08.R",0,0,0,0,0,0,0,0,0,0,0,0,0,0,0,0,0,0,0,0,0,0,0,0,0,0,764.69407457679
"L.2017.YN04-C1213.09.R",0,0,0,0,0,0,0,0,0,0,0,0,0,0,0,0,0,0,0,0,0,0,1460.44032275731,0,0,0,0
"L.2017.YN04-C1213.10.R",0,0,0,0,0,0,0,0,0,0,0,0,0,0,0,0,0,0,0,0,0,0,0,0,0,0,0
"M.2017.NAM-0.03.R",0,0,0,523.040420890627,0,0,0,0,0,0,0,0,0,0,0,0,0,0,0,0,0,0,252.132621759045,0,0,0,0
"M.2017.NAM-0.06.R",345.51298710609,2463.99595902384,1049.05177784867,2271.72312553493,0,0,0,0,0,0,0,681.202883080287,0,0,367.937469027139,0,0,0,0,0,1407.47194641891,290.185210710736,2506.03143175526,0,0,768.778232528583,2270.64230216912
"M.2017.NAM-0.09.R",191.584644490744,0,0,1149.50786694446,0,0,0,0,0,0,1767.7580950298,0,0,0,968.943578110268,0,0,0,0,0,0,248.152812501939,0,0,0,383.169288981488,0
"M.2017.NAM-13.03.R",0,0,0,6798.36131165884,0,0,0,0,0,0,0,0,0,0,0,0,0,0,0,0,0,0,0,0,0,0,0
"M.2017.NAM-13.06.R",0,0,0,1663.20182530552,0,0,0,0,0,0,0,265.139463357726,0,0,0,0,0,0,0,0,0,0,0,0,0,0,0
"M.2017.NAM-13.09.R",0,0,0,0,0,0,0,0,0,0,0,256.919566512461,0,0,256.919566512461,0,0,0,0,0,0,0,0,0,0,0,256.919566512461
"M.2017.NAM-14.03.R",96.938911521432,484.69455760716,0,0,0,0,0,0,0,0,0,193.877823042864,0,0,0,0,0,0,0,0,0,290.816734564296,0,1357.14476130005,0,0,0
"M.2017.NAM-14.06.R",0,528.705398743003,0,0,0,704.940531657337,0,0,0,0,0,0,0,0,0,0,0,0,0,0,0,0,7977.92773327128,0,0,0,0
"M.2017.NAM-14.09.R",0,148.231047734103,1600.86407610835,0,0,0,0,0,0,0,0,0,0,0,296.462095468206,296.462095468206,0,0,0,0,0,0,0,797.377779257921,0,0,375.497827979751
"M.2017.NAM-17.03.R",0,0,0,0,0,0,0,4684.30151641409,651.457840498691,0,0,0,0,0,6405.68195019641,1843.79045421298,0,0,0,0,0,0,0,0,0,0,0
"M.2017.NAM-17.06.R",3959.41598614204,0,0,7126.94877505568,0,0,0,0,263206.326767401,0,0,0,0,0,0,445.063412264093,0,0,0,0,0,0,296.708941509396,0,0,0,0
"M.2017.NAM-17.09.R",0,776.544055393476,0,39.9134676022383,0,0,0,0,0,0,0,0,0,0,467.034651052142,0,0,0,0,0,1401.10395315642,0,86.2826728214973,0,0,0,0
"M.2017.NAM-23.03.R",0,0,0,0,0,0,0,0,0,0,0,0,0,0,0,0,0,0,0,0,0,0,0,0,0,0,0
"M.2017.NAM-23.06.R",0,0,2783.96436525612,0,0,0,0,0,1755.40610223046,0,0,0,0,0,1371.94360417041,0,0,0,0,0,877.703051115231,0,0,0,0,0,0
"M.2017.NAM-23.09.R",339.810017882502,204.327659835312,0,0,0,401.895607615922,0,0,0,0,0,0,0,0,0,0,339.810017882502,0,0,0,0,401.895607615922,0,306.491489752968,0,0,0
"M.2017.NAM-30.03.R",0,0,0,775.117688702401,0,0,0,0,0,0,0,0,0,0,0,0,0,0,0,0,0,0,0,0,0,0,0
"M.2017.NAM-30.06.R",0,999.035468437738,0,399.19429285226,0,0,0,0,0,0,0,0,0,0,315.072890143929,0,0,0,0,0,238.359490804538,1575.36445071965,0,0,0,0,472.609335215894
"M.2017.NAM-30.09.R",501.091215602549,1125.90028041954,0,1562.92736295081,0,0,0,0,0,0,0,214.753378115378,0,0,0,0,0,0,0,0,286.337837487171,357.922296858963,71.5844593717927,0,0,572.675674974342,0
"M.2017.NAM-32.03.R",0,813.578627289461,0,1304.7662176796,0,0,0,0,271.192875763154,0,542.385751526307,0,0,0,813.578627289461,0,0,219.994714626981,0,0,0,0,0,0,0,0,0
"M.2017.NAM-32.06.R",979.899034577685,1102.37612205239,164.670720310898,4157.53799255514,0,131.639245937489,0,0,0,0,0,0,0,0,0,0,0,888.646979433376,1808.14935007171,0,0,739.748538336147,0,0,0,1883.05811303139,0
"M.2017.NAM-32.09.R",269.348026268166,385.346541487171,207.419929425369,0,0,0,0,0,0,0,0,0,0,0,0,0,0,0,0,0,0,0,269.348026268166,0,0,0,0
"M.2017.NAM-37.03.R",0,478.104792602125,0,1297.03165898155,0,0,0,0,0,0,0,0,0,0,0,0,0,0,0,0,0,0,0,0,0,637.473056802834,0
"M.2017.NAM-37.06.R",0,0,116.988653562963,1951.88241565704,0,0,0,0,0,0,0,0,0,0,0,0,0,0,0,0,0,251.657795729367,0,0,0,350.965960688888,0
"M.2017.NAM-37.09.R",1899.14262737612,5359.9500542979,18886.256510838,2873.76966736116,0,0,0,0,0,0,0,0,0,0,0,1149.50786694446,0,2299.01573388893,0,0,7950.38339420266,1179.95840646617,3248.03682557921,0,0,0,0
"M.2017.NAM-43.03.R",0,0,21.2339076839938,0,0,0,0,0,0,0,0,0,0,0,0,0,0,0,674.900452183303,0,0,0,0,0,0,0,0
"M.2017.NAM-43.06.R",0,0,127.357912349101,0,0,0,0,0,0,0,0,0,0,0,0,0,0,0,0,0,0,0,0,127.357912349101,0,0,0
"M.2017.NAM-43.09.R",0,382.757721538973,0,0,0,0,0,0,0,0,0,605.004140497087,0,0,0,0,0,0,0,0,0,0,0,0,0,0,0
"M.2017.NAM-46.03.R",0,0,0,0,0,0,0,0,0,0,0,0,0,0,52.5431198396909,0,0,0,0,0,0,0,0,0,0,0,0
"M.2017.NAM-46.06.R",0,9460.55147131285,0,18222.3122089492,0,0,0,0,0,0,0,0,0,0,0,0,0,0,0,0,0,4349.1219711197,0,0,0,0,0
"M.2017.NAM-46.09.R",403.564483298736,635.294940862001,216.756349606316,403.564483298736,0,1250.34189036065,0,0,0,0,0,403.564483298736,216.756349606316,0,0,433.512699212633,1250.34189036065,403.564483298736,0,0,0,0,0,0,0,0,1008.91120824684
"M.2017.NAM-48.03.R",0,0,0,57536.9191920195,0,0,0,0,0,0,0,0,0,0,0,0,0,0,0,0,135.906727213114,0,158.941765723811,0,0,0,0
"M.2017.NAM-48.06.R",0,69.368783093787,0,7510.83594560903,0,0,0,0,0,0,0,0,0,0,0,0,0,0,0,0,0,139.089554548315,34.6843915468935,0,0,0,0
"M.2017.NAM-48.09.R",93.6278083953715,587.063325787124,0,0,0,0,0,0,0,0,0,0,0,0,129.801155446619,0,0,0,0,0,367.417528817194,0,0,0,0,216.335259077698,0
"M.2017.NAM-5.03.R",0,0,0,0,0,0,0,0,0,0,0,0,0,0,0,0,0,0,0,0,0,0,0,0,0,0,0
"M.2017.NAM-5.06.R",0,603.568128007442,0,0,0,0,0,0,0,0,0,0,0,0,0,0,0,0,0,0,287.376966736116,0,0,0,0,316.191161271326,0
"M.2017.NAM-5.09.R",268.738641593351,268.738641593351,0,0,0,1020.10321608916,0,0,0,0,537.477283186703,0,0,0,0,1195.89087435891,0,0,0,0,0,268.738641593351,0,152.938814915358,0,305.877629830716,0
"M.2017.NAM-72.03.R",0,0,0,816.62629667097,0,0,0,0,0,0,0,0,0,0,0,0,0,0,0,0,0,0,0,0,0,0,0
"M.2017.NAM-72.06.R",0,105.866737597381,0,0,0,0,0,0,0,0,0,0,0,0,0,0,0,0,0,0,363.991255110096,0,181.995627555048,0,0,545.986882665144,1518.97743097756
"M.2017.NAM-72.09.R",199.746322170843,16197.6108523993,0,0,0,0,0,0,0,0,0,0,0,0,0,0,0,0,0,0,24296.4162785989,24296.4162785989,68.2222282232516,180.474772728683,0,0,0
"M.2017.NAM-76.03.R",0,0,0,39.9881168646051,0,0,0,0,0,0,0,0,120.083382899,0,0,0,0,0,0,0,0,0,0,0,0,0,0
"M.2017.NAM-76.06.R",217.550328908904,36.9004285754151,0,3624.31360570416,0,0,0,0,0,0,681.352655359052,0,0,681.352655359052,0,0,0,0,0,0,0,435.100657817807,3450.19007180132,0,0,36.9004285754151,0
"M.2017.NAM-76.09.R",0,0,0,0,0,0,0,0,0,0,0,0,0,0,0,177.729395886675,0,0,0,0,345.074989108571,0,115.024996369524,0,0,460.099985478094,352.470265828669
"M.2017.NAM-79.03.R",0,284.168611445601,0,0,0,0,0,0,0,0,0,0,0,0,0,0,0,0,0,0,284.168611445601,395.941598614204,0,0,0,426.252917168402,0
"M.2017.NAM-79.06.R",0,680.05236403203,98.3624375490736,0,0,0,0,0,0,0,0,0,0,0,487.479396378637,0,0,0,0,0,0,974.958792757275,9993.32762576207,0,0,0,0
"M.2017.NAM-79.09.R",0,567.880422957759,0,30.1019968535888,0,0,0,0,0,0,0,0,0,0,0,0,0,0,0,0,0,0,0,0,0,316.753278891364,0
"M.2017.YN04-C1213.03.R",0,0,0,5722.92460523743,0,0,0,0,25943.9248770763,0,0,0,0,0,0,0,0,1716.87738157123,0,0,0,0,0,0,0,0,0
"M.2017.YN04-C1213.06.R",0,274.568071025674,0,0,0,0,0,0,0,0,0,0,0,0,186.830184596007,0,0,0,0,0,181.624586520277,0,1577.44957691003,0,0,0,0
"M.2017.YN04-C1213.09.R",0,1754.13182516929,0,0,0,0,0,1402.94267225505,0,0,0,0,0,0,506.535094175954,0,1402.94267225505,0,0,0,379.901320631966,0,0,910.598225092293,0,126.319545818073,0
"S.2017.NAM-0.03.R",0,0,0,0,0,0,0,0,0,0,0,0,0,0,0,0,0,0,0,0,0,0,0,0,0,0,0
"S.2017.NAM-0.06.R",0,0,65.5532448036762,0,0,0,0,0,0,0,0,0,0,0,0,0,0,0,0,0,0,0,0,0,0,0,0
"S.2017.NAM-0.09.R",0,0,0,0,0,0,0,0,0,0,0,0,0,0,0,0,0,0,0,0,0,0,0,0,0,0,8098.80542619964
"S.2017.NAM-13.03.R",119.366046924782,0,0,0,0,0,0,0,0,0,0,0,0,0,0,119.366046924782,0,0,0,0,0,77.5005303942549,0,0,0,0,0
"S.2017.NAM-13.06.R",0,0,0,1536.92672290172,0,7025.950733265,0,0,0,0,548.902401036328,0,0,0,0,4638.1132678588,0,0,0,0,0,0,0,0,0,329.341440621797,0
"S.2017.NAM-13.09.R",0,0,0,0,0,0,0,0,0,0,0,0,0,0,0,0,0,0,0,0,0,0,213.360505876664,0,0,0,0
"S.2017.NAM-14.03.R",0,0,0,0,238707.098395294,0,0,0,0,0,0,0,0,118782.479584261,0,0,0,0,0,0,0,0,0,0,0,761.426151181162,11421.3922677174
"S.2017.NAM-14.06.R",0,0,0,0,0,0,0,0,0,0,0,971.503377188615,0,1943.00675437723,388.601350875446,0,0,0,0,0,0,0,0,0,0,0,0
"S.2017.NAM-14.09.R",0,0,0,0,79.3823655051869,0,0,0,0,0,0,0,0,0,0,0,0,0,0,0,0,0,0,0,0,63.8501054923462,0
"S.2017.NAM-17.03.R",0,0,0,0,0,0,0,0,0,0,0,499.382244549521,0,0,0,0,0,0,0,0,0,0,0,0,0,0,0
"S.2017.NAM-17.06.R",0,0,0,0,0,867.253906256512,0,0,0,0,0,0,0,0,0,246.668829741657,189.116219864879,0,0,0,0,0,963.142017561091,0,0,0,0
"S.2017.NAM-17.09.R",0,0,0,381.026213504375,0,0,0,0,0,0,0,0,0,0,0,0,0,0,0,0,0,0,121.294027251839,0,0,0,0
"S.2017.NAM-23.03.R",0,0,0,3923.15414004679,0,468.262074576589,0,0,0,0,0,0,0,0,0,468.262074576589,0,0,0,0,0,863.979542359938,0,0,0,370.423533007052,0
"S.2017.NAM-23.06.R",0,0,0,1806.57763626253,0,0,0,0,0,0,860.742605683053,0,0,0,48592.8325571978,0,645.55695426229,0,0,0,0,0,0,0,0,0,0
"S.2017.NAM-23.09.R",0,0,0,0,0,0,0,0,0,0,0,0,0,0,0,0,0,0,0,0,0,0,0,0,0,0,0
"S.2017.NAM-30.03.R",0,0,0,0,0,0,0,0,0,0,0,91.5119257197699,0,0,0,0,0,0,0,0,0,0,0,0,0,0,0
"S.2017.NAM-30.06.R",0,0,0,0,0,0,0,0,0,0,0,0,0,3177.43132887899,0,0,0,0,0,0,0,0,0,0,0,0,0
"S.2017.NAM-30.09.R",0,0,0,191.19631267289,114.336076605171,76.2240510701142,0,0,0,0,0,0,0,0,0,190.560127675286,42.4880694828644,0,0,0,0,0,0,0,0,114.336076605171,0
"S.2017.NAM-32.03.R",0,0,0,0,0,0,0,0,0,0,0,0,0,5790.68528823477,0,0,0,0,0,0,0,0,0,0,0,0,0
"S.2017.NAM-32.06.R",0,0,0,332629.508576057,0,365221.307069769,0,0,0,0,0,0,0,0,0,462.103014314466,0,0,0,0,0,0,0,0,0,0,0
"S.2017.NAM-32.09.R",0,0,0,0,0,0,0,0,0,0,0,17.1230329514576,0,0,0,0,0,0,0,0,0,0,0,0,0,0,0
"S.2017.NAM-37.03.R",0,0,0,0,0,0,0,0,0,0,0,0,0,0,0,0,0,0,0,0,0,0,0,0,0,0,0
"S.2017.NAM-37.06.R",0,130.817708793239,346.416823155655,0,109.0414439268,0,0,0,0,0,0,0,0,0,0,0,0,0,0,0,0,0,0,0,0,327.124331780401,296.353403167056
"S.2017.NAM-37.09.R",0,29.7700450085868,0,0,0,0,0,0,0,0,0,0,0,0,0,0,0,0,0,0,0,0,0,0,0,0,89.3101350257604
"S.2017.NAM-43.03.R",0,0,0,0,0,0,0,0,0,0,0,0,0,85.4755190100225,0,0,0,0,0,0,0,0,0,0,0,0,0
"S.2017.NAM-43.06.R",0,0,0,382.019123877341,0,0,0,0,0,0,0,0,0,0,0,0,0,0,0,0,19.1009561938671,0,0,0,0,0,0
"S.2017.NAM-43.09.R",0,0,0,0,0,0,0,0,0,0,0,0,0,0,0,0,0,0,0,0,0,0,17.6619468057486,0,0,0,0
"S.2017.NAM-46.03.R",0,0,0,14951.6407868301,2491.94013113835,0,0,0,0,0,0,0,0,9967.7605245534,0,0,0,0,0,0,0,0,0,0,0,0,0
"S.2017.NAM-46.06.R",0,0,0,1121.94990943783,0,0,0,0,0,0,0,0,0,331.206941104134,0,0,0,0,0,0,545.290648435783,0,0,0,0,441.996759962279,0
"S.2017.NAM-46.09.R",0,0,24.0320635792274,174.672241460366,0,0,0,0,0,0,0,0,0,0,0,0,0,21.4125368797491,0,0,0,0,0,0,0,0,0
"S.2017.NAM-48.03.R",0,0,0,0,306.140411299643,0,0,0,0,0,0,0,0,0,0,0,0,0,765.351028249107,0,0,0,0,0,0,0,0
"S.2017.NAM-48.06.R",0,0,0,0,532.391591762127,5616.7791858958,0,0,0,0,0,0,0,0,0,0,0,0,0,0,0,0,0,0,0,354.927727841418,510.770337438295
"S.2017.NAM-48.09.R",74.7216269139828,0,0,133.869395540501,0,0,0,0,0,0,0,0,0,74.7216269139828,0,0,0,0,0,0,0,0,0,0,0,0,0
"S.2017.NAM-5.03.R",0,0,0,0,0,0,0,0,0,0,0,0,0,0,209.369823003986,0,0,0,0,0,0,0,0,0,0,0,0
"S.2017.NAM-5.06.R",0,0,0,0,0,0,0,0,0,0,0,0,0,186.082213447929,0,1135.89802881124,973.626881838208,0,0,0,0,0,0,0,0,0,0
"S.2017.NAM-5.09.R",0,0,0,0,0,0,0,0,0,0,0,0,0,0,0,0,0,0,0,0,0,0,0,0,0,0,0
"S.2017.NAM-72.03.R",0,0,428.817615827658,3223.89118292627,0,0,0,0,0,0,214.408807913829,0,0,0,0,0,0,0,0,0,0,0,0,0,0,0,0
"S.2017.NAM-72.06.R",0,0,0,0,0,0,0,0,0,0,0,0,0,0,0,0,0,0,0,0,0,0,0,0,0,0,0
"S.2017.NAM-72.09.R",0,0,0,0,0,0,0,0,0,0,0,0,0,0,0,0,0,0,0,0,0,0,0,0,0,0,0
"S.2017.NAM-76.03.R",4996.50698304842,0,0,1433.03259552058,0,0,0,0,0,0,0,0,0,0,0,0,0,0,0,18209.3672744732,0,0,0,0,0,0,0
"S.2017.NAM-76.06.R",0,0,7955.99990680529,0,408.031418419218,0,0,0,0,0,500.487975776382,680.052364032031,1864.76717642347,0,0,0,500.487975776382,0,0,0,0,0,0,0,0,272.020945612812,0
"S.2017.NAM-76.09.R",22.1774607140144,0,0,57.3274515368057,0,88.7098428560577,0,0,0,0,0,0,0,811.725373013175,0,66.5323821420433,22.1774607140144,0,0,0,0,0,88.7098428560577,0,0,0,0
"S.2017.NAM-79.03.R",0,0,0,0,0,0,0,0,0,0,910.598225092293,0,0,0,0,0,0,0,0,0,0,0,0,0,0,0,0
"S.2017.NAM-79.06.R",0,0,0,135.408145691745,0,172.648952884101,0,0,0,0,86.3244764420504,0,258.973429326151,153.664268543676,0,690.595811536403,258.973429326151,0,0,0,0,0,0,0,0,0,0
"S.2017.NAM-79.09.R",0,0,0,2419.51024166246,0,0,0,0,0,0,0,0,0,0,0,0,0,40.5862686506588,0,0,0,0,61.0706835908799,0,0,0,0
"S.2017.YN04-C1213.03.R",0,0,0,0,0,0,0,0,0,0,0,0,0,1450.92605355368,0,0,0,0,0,0,0,0,0,0,0,0,0
"S.2017.YN04-C1213.06.R",0,789.543808167173,0,0,0,0,0,0,0,0,0,0,0,263.181269389058,0,0,0,0,0,0,0,0,0,0,0,0,0
"S.2017.YN04-C1213.09.R",0,68.6339442898274,0,0,0,0,0,0,0,0,0,0,0,0,0,0,0,0,0,0,0,0,0,0,0,68.6339442898274,0
